Month,Year,Total_Due_INR,Amount_Received_INR,Amount_Adjusted_INR,Amount_Pending_INR,Tenants_In_Arrears
Jan,2025,6000000,3956000,42300,2001700,215
Feb,2025,7600000,6083000,49307,1467693,619
Mar,2025,6040000,3638000,49475,2352525,398
Apr,2025,6790000,5700000,48267,1041733,403
May,2025,4300000,3048000,45810,1206190,142
Jun,2025,7450000,5272000,39464,2138536,249
Jul,2025,4280000,2986000,19427,1274573,296
Aug,2025,5430000,4462000,56173,911827,173
Sep,2025,7170000,5898000,36791,1235209,188
Oct,2025,4420000,3077000,37187,1305813,536
Nov,2025,7490000,4776000,59871,2654129,357
Dec,2025,7760000,5726000,26945,2007055,535
Jan,2026,4890000,2938000,44994,1907006,138
Feb,2026,4500000,1850000,30000,2620000,520
Mar,2026,4800000,2850000,35000,1915000,410
Apr,2026,5200000,1900000,40000,3260000,490
May,2026,5640000,3800000,45000,1795000,310
Jun,2026,5700000,3685000,28072,1986928,573
Jul,2026,4410000,3017000,35321,1357679,383
Aug,2026,6230000,5646000,50588,533412,362
Sep,2026,5490000,3250000,57395,2182605,217
Oct,2026,5660000,3949000,18132,1692868,563
Nov,2026,7550000,5205000,23157,2321843,529
Dec,2026,6080000,4403000,41215,1635785,500
June,2026,6320000,2400000,52000,3868000,515
July,2026,5890000,4120000,57874,1712126,248
