Tenant_Name,Assigned_Unit,Monthly_Rent_INR,Maintenance_Fee_INR,Last_Payment_Date,Payment_Status,Balance_Due_INR
Aarav Sharma,Flat-101,25000,3000,05-May-2026,Paid,0
Ananya Iyer,Flat-203,32000,4000,02-May-2026,Paid,0
Rohan Verma,Room-12B,18000,2000,10-Apr-2026,Overdue,20000
Priya Patel,Flat-305,28000,3500,12-Mar-2026,Overdue,31500
Vikram Malhotra,Suite-4,45000,5000,01-May-2026,Partial,19500
Nandini Patel,Flat-040,30000,3500,04-May-2026,Paid,0
Diya Arora,Room-003,18000,2500,06-May-2026,Paid,0
Rahul Chatterjee,Room-016,20000,1500,09-Apr-2026,Partial,3000
Aditi Shah,Flat-009,12000,1500,05-May-2026,Paid,0
Yash Nair,Flat-022,35000,3000,01-May-2026,Paid,0
Nikhil Verma,Flat-035,32000,2500,15-May-2026,Paid,0
Tanvi Bansal,Flat-048,22000,2000,09-Mar-2026,Overdue,24000
Mohit Mishra,Flat-061,28000,1500,16-Apr-2026,Partial,8000
Vikram Singh,Flat-074,15000,3500,02-May-2026,Paid,0
Karan Chopra,Flat-007,16000,2000,03-Apr-2026,Partial,5000
Kavya Das,Flat-020,18000,1500,14-May-2026,Paid,0
Tanya Mehta,Flat-033,32000,3500,25-Apr-2026,Partial,3000
Manav Khanna,Room-001,30000,3000,15-May-2026,Paid,0
Muskan Goyal,Room-004,20000,3500,10-Mar-2026,Overdue,23500
Akash Malhotra,Room-017,32000,3500,04-May-2026,Paid,0
Kritika Reddy,Room-005,18000,4000,03-May-2026,Paid,0
Rohan Gupta,Room-018,16000,2000,03-May-2026,Paid,0
Neha Agarwal,Room-006,16000,1500,20-May-2026,Paid,0
Sanya Tiwari,Room-019,28000,2500,10-May-2026,Paid,0
Harsh Kumar,Flat-012,20000,4000,03-Mar-2026,Overdue,24000
Manya Sethi,Flat-025,35000,2000,26-Mar-2026,Overdue,37000
Ritika Banerjee,Flat-038,35000,3500,14-Apr-2026,Partial,3000
Saurabh Jain,Flat-051,15000,3500,05-May-2026,Paid,0
Arjun Rao,Flat-064,20000,2000,06-May-2026,Paid,0
Priya Sharma,Flat-077,20000,3500,10-Apr-2026,Partial,10000
Shreya Kapoor,Flat-010,28000,1500,10-May-2026,Paid,0
Varun Joshi,Flat-023,25000,2500,16-May-2026,Paid,0
Dhruv Iyer,Flat-036,28000,1500,14-May-2026,Paid,0
Pranav Saxena,Flat-009,22000,3500,03-May-2026,Paid,0
Anushka Srivastava,Flat-022,18000,4000,19-Apr-2026,Partial,10000
Aditya Patel,Room-005,12000,4000,02-Apr-2026,Partial,10000
Meera Arora,Room-018,16000,3000,15-May-2026,Paid,0
Nisha Chatterjee,Flat-006,20000,2000,14-Mar-2026,Overdue,22000
Ayush Shah,Flat-019,35000,3000,16-Mar-2026,Overdue,38000
Aniket Nair,Flat-032,22000,3000,04-May-2026,Paid,0
Vansh Verma,Flat-045,16000,2500,16-May-2026,Paid,0
Siddharth Bansal,Flat-058,20000,4000,27-Mar-2026,Overdue,24000
Vivaan Mishra,Flat-071,30000,1500,11-May-2026,Paid,0
Ishita Singh,Flat-004,20000,2500,13-May-2026,Paid,0
Riya Chopra,Flat-017,30000,1500,15-Apr-2026,Partial,10000
Kabir Das,Flat-030,25000,1500,12-May-2026,Paid,0
Pooja Mehta,Flat-043,32000,3000,02-May-2026,Paid,0
Sahil Khanna,Flat-011,18000,2500,10-May-2026,Paid,0
Palak Goyal,Flat-024,28000,4000,01-May-2026,Paid,0
Aarav Malhotra,Flat-037,35000,3500,10-Apr-2026,Partial,3000
Ananya Reddy,Flat-010,30000,1500,03-May-2026,Paid,0
Simran Gupta,Flat-023,18000,1500,04-May-2026,Paid,0
Dev Agarwal,Flat-036,35000,2000,10-May-2026,Paid,0
Sakshi Tiwari,Flat-049,30000,4000,16-May-2026,Paid,0
Isha Kumar,Flat-002,28000,2000,05-May-2026,Paid,0
Nandini Sethi,Flat-015,25000,2000,17-Mar-2026,Overdue,27000
Diya Banerjee,Flat-028,16000,1500,14-May-2026,Paid,0
Rahul Jain,Flat-006,22000,3500,01-May-2026,Paid,0
Aditi Rao,Flat-019,20000,4000,19-May-2026,Paid,0
Yash Sharma,Room-002,32000,4000,05-May-2026,Paid,0
Nikhil Kapoor,Room-015,28000,3500,11-May-2026,Paid,0
Tanvi Joshi,Room-008,30000,3500,11-May-2026,Paid,0
Mohit Iyer,Room-021,18000,4000,13-May-2026,Paid,0
Vikram Saxena,Flat-009,18000,3000,16-May-2026,Paid,0
Karan Srivastava,Flat-022,25000,3000,26-Mar-2026,Overdue,28000
Kavya Patel,Flat-035,35000,2000,02-May-2026,Paid,0
Tanya Arora,Flat-048,16000,3500,11-Mar-2026,Overdue,19500
Manav Chatterjee,Flat-011,15000,3000,15-May-2026,Paid,0
Muskan Shah,Flat-024,12000,4000,21-May-2026,Paid,0
Akash Nair,Flat-002,16000,1500,09-May-2026,Paid,0
Kritika Verma,Flat-015,22000,3500,28-Apr-2026,Partial,2000
Rohan Bansal,Flat-028,22000,4000,13-Mar-2026,Overdue,26000
Neha Mishra,Flat-041,22000,4000,28-Apr-2026,Partial,8000
Sanya Singh,Flat-009,30000,1500,08-May-2026,Paid,0
Harsh Chopra,Flat-022,35000,4000,08-Mar-2026,Overdue,39000
Manya Das,Flat-035,15000,3000,25-Mar-2026,Overdue,18000
Ritika Mehta,Flat-009,35000,4000,15-Mar-2026,Overdue,39000
Saurabh Khanna,Flat-022,16000,4000,01-May-2026,Paid,0
Arjun Goyal,Flat-035,12000,2500,12-Apr-2026,Partial,5000
Priya Malhotra,Flat-048,22000,3000,17-May-2026,Paid,0
Shreya Reddy,Room-011,25000,3500,06-Apr-2026,Partial,3000
Varun Gupta,Flat-004,16000,1500,13-May-2026,Paid,0
Dhruv Agarwal,Flat-017,32000,4000,19-May-2026,Paid,0
Pranav Tiwari,Flat-030,16000,2000,09-May-2026,Paid,0
Anushka Kumar,Flat-043,28000,2500,29-Apr-2026,Partial,8000
Aditya Sethi,Flat-056,20000,4000,03-May-2026,Paid,0
Meera Banerjee,Flat-069,28000,2500,10-Mar-2026,Overdue,30500
Nisha Jain,Flat-002,35000,3000,28-Apr-2026,Partial,8000
Ayush Rao,Flat-015,20000,2000,28-Mar-2026,Overdue,22000
Aniket Sharma,Flat-028,28000,1500,19-May-2026,Paid,0
Vansh Kapoor,Flat-041,22000,3500,10-May-2026,Paid,0
Siddharth Joshi,Room-009,12000,4000,01-May-2026,Paid,0
Vivaan Iyer,Room-012,32000,4000,20-Apr-2026,Partial,2000
Ishita Saxena,Room-025,28000,2500,20-Apr-2026,Partial,3000
Riya Srivastava,Room-013,22000,2000,20-May-2026,Paid,0
Kabir Patel,Room-001,20000,4000,21-Apr-2026,Partial,3000
Pooja Arora,Room-014,15000,4000,10-May-2026,Paid,0
Sahil Chatterjee,Flat-007,28000,1500,05-May-2026,Paid,0
Palak Shah,Flat-020,15000,2500,14-May-2026,Paid,0
Aarav Nair,Flat-033,16000,2000,18-May-2026,Paid,0
Ananya Verma,Flat-046,22000,3500,09-May-2026,Paid,0
Simran Bansal,Flat-059,16000,2500,31-Mar-2026,Overdue,18500
Dev Mishra,Flat-072,28000,2500,26-Apr-2026,Partial,5000
Sakshi Singh,Flat-005,15000,3000,05-Mar-2026,Overdue,18000
Isha Chopra,Flat-018,18000,4000,28-Apr-2026,Partial,8000
Nandini Das,Flat-031,30000,2500,13-May-2026,Paid,0
Diya Mehta,Flat-004,12000,2500,15-May-2026,Paid,0
Rahul Khanna,Flat-017,22000,4000,19-Apr-2026,Partial,5000
Aditi Goyal,Flat-030,25000,4000,04-Mar-2026,Overdue,29000
Yash Malhotra,Room-013,35000,2000,20-May-2026,Paid,0
Nikhil Reddy,Flat-001,30000,2500,08-Mar-2026,Overdue,32500
Tanvi Gupta,Flat-014,35000,1500,15-May-2026,Paid,0
Mohit Agarwal,Flat-027,20000,4000,05-May-2026,Paid,0
Vikram Tiwari,Flat-040,12000,1500,16-May-2026,Paid,0
Karan Kumar,Flat-053,15000,1500,18-May-2026,Paid,0
Kavya Sethi,Flat-066,16000,3000,18-May-2026,Paid,0
Tanya Banerjee,Flat-079,25000,3500,29-Apr-2026,Partial,3000
Manav Jain,Flat-012,25000,4000,16-May-2026,Paid,0
Muskan Rao,Flat-025,32000,3000,09-Mar-2026,Overdue,35000
Akash Sharma,Flat-038,12000,4000,15-May-2026,Paid,0
