Landlord_ID,Landlord_Name,Property_Name,Contact_Info,Units_Managed,Bank_Account
LND-01,Sanjay Singhania,Lawsons Delmonte,sanjay.s@singhaniagroup.in | +91 98200 11223,39,HDFC Bank (A/C: ****4921)
LND-02,Meenakshi Sundaram,Trident,meenakshi@sundaram.org | +91 94440 55667,80,ICICI Bank (A/C: ****8812)
LND-03,Rameshwar Gupta,pre prod test,r.gupta@guptaproperties.com | +91 98111 22334,20,SBI Bank (A/C: ****1029)
LND-04,Vivek Bhatia,jsbs,vivek.bhatia@properties.in | +91 98216 24371,50,ICICI Bank (A/C: ****3621)
LND-05,Pankaj Sharma,commedia,pankaj.sharma@properties.in | +91 95954 99192,45,Axis Bank (A/C: ****2040)
LND-06,Sunita Verma,add new,sunita.verma@properties.in | +91 82608 60019,10,Kotak Bank (A/C: ****8668)
LND-07,Rajiv Kapoor,Pre Prod Test,rajiv.kapoor@properties.in | +91 87338 42953,25,Kotak Bank (A/C: ****1188)
LND-08,Deepak Mehta,Green Heights,deepak.mehta@properties.in | +91 92291 25014,25,Kotak Bank (A/C: ****5371)
LND-09,Neelam Agarwal,Skyline Residency,neelam.agarwal@properties.in | +91 95185 94012,20,SBI Bank (A/C: ****2827)
LND-10,Manish Jain,Palm Grove,manish.jain@properties.in | +91 79617 66985,80,ICICI Bank (A/C: ****8433)
LND-11,Anil Malhotra,Urban Nest,anil.malhotra@properties.in | +91 70106 44522,40,Kotak Bank (A/C: ****3927)
LND-12,Shalini Sethi,Maple Residency,shalini.sethi@properties.in | +91 86635 23947,30,SBI Bank (A/C: ****9317)
LND-13,Pradeep Chawla,Bluebell Homes,pradeep.chawla@properties.in | +91 89954 36071,25,ICICI Bank (A/C: ****7126)
LND-14,Rakesh Khanna,Cedar Heights,rakesh.khanna@properties.in | +91 94985 31174,80,Kotak Bank (A/C: ****9689)
LND-15,Kavita Arora,Lakeview Residency,kavita.arora@properties.in | +91 70018 88504,45,SBI Bank (A/C: ****9005)
LND-16,Nitin Goyal,Sunrise Enclave,nitin.goyal@properties.in | +91 70638 24662,40,SBI Bank (A/C: ****6038)
LND-17,Swati Rana,Royal Orchid,swati.rana@properties.in | +91 77846 17592,60,ICICI Bank (A/C: ****2290)
LND-18,Amit Bansal,Metro Heights,amit.bansal@properties.in | +91 72806 73699,35,HDFC Bank (A/C: ****9727)
LND-19,Rekha Saxena,Silver Oak,rekha.saxena@properties.in | +91 95094 26483,30,ICICI Bank (A/C: ****8787)
LND-20,Suresh Mittal,Pearl Residency,suresh.mittal@properties.in | +91 88015 31643,20,SBI Bank (A/C: ****9645)
LND-21,Alok Singhania,Grand Vista,alok.singhania@properties.in | +91 98587 89507,25,Axis Bank (A/C: ****4470)
LND-22,Preeti Sundaram,Harmony Homes,preeti.sundaram@properties.in | +91 87671 36365,50,SBI Bank (A/C: ****7537)
LND-23,Ashok Gupta,Elite Stay,ashok.gupta@properties.in | +91 92009 95180,35,SBI Bank (A/C: ****8177)
LND-24,Ritu Bhatia,Central Plaza,ritu.bhatia@properties.in | +91 99478 77839,45,Axis Bank (A/C: ****2982)
