Property_ID,Property_Name,Total_Units,Occupied_Active,Occupied_Ending,Occupied_MoveOut,Vacant_Available,Vacant_Booked,Vacant_Invited,Occupancy_Rate
PROP-01,Lawsons Delmonte,39,13,2,1,20,2,1,34%
PROP-02,jsbs,50,0,0,0,50,0,0,0%
PROP-03,pre prod test,20,10,0,0,8,1,1,50%
PROP-04,Trident,80,50,4,1,22,2,1,63%
PROP-05,commedia,45,5,1,0,37,1,1,12%
PROP-06,add new,10,8,0,0,2,0,0,80%
PROP-07,Pre Prod Test,25,8,2,1,12,1,1,32%
PROP-08,Green Heights,25,18,4,0,0,3,0,72%
PROP-09,Skyline Residency,20,8,1,1,6,4,0,40%
PROP-10,Palm Grove,80,40,4,3,29,1,3,50%
PROP-11,Urban Nest,40,14,1,3,18,2,2,35%
PROP-12,Maple Residency,30,16,2,0,9,0,3,53%
PROP-13,Bluebell Homes,25,13,2,2,5,0,3,52%
PROP-14,Cedar Heights,80,35,3,0,36,4,2,44%
PROP-15,Lakeview Residency,45,33,1,0,10,0,1,73%
PROP-16,Sunrise Enclave,40,16,1,0,18,3,2,40%
PROP-17,Royal Orchid,60,41,2,1,12,2,2,68%
PROP-18,Metro Heights,35,20,0,1,9,4,1,57%
PROP-19,Silver Oak,30,24,3,2,0,0,1,80%
PROP-20,Pearl Residency,20,10,0,2,3,3,2,50%
PROP-21,Grand Vista,25,11,4,2,4,1,3,44%
PROP-22,Harmony Homes,50,37,3,1,6,2,1,74%
PROP-23,Elite Stay,35,29,4,1,0,1,1,83%
PROP-24,Central Plaza,45,22,1,3,19,0,0,49%
