Staff_ID,Staff_Name,Role,Assigned_Property,Phone_Number,Shift_Hours
STF-101,Rajesh Kumar,Maintenance Plumber,Lawsons Delmonte,+91 91122 33445,09:00 AM - 06:00 PM
STF-102,Sunil Verma,Chief Electrician,Trident,+91 92233 44556,08:00 AM - 05:00 PM
STF-103,Ratan Kumar,Property Warden,pre prod test,+91 93344 55667,10:00 AM - 07:00 PM
STF-104,Suresh Chand,Housekeeping Supervisor,Lawsons Delmonte,+91 94455 66778,07:00 AM - 04:00 PM
STF-105,Kavya Chopra,Housekeeping Supervisor,commedia,+91 78123 39451,07:00 AM - 04:00 PM
STF-106,Aditi Khanna,Security Supervisor,add new,+91 72098 54313,08:00 AM - 05:00 PM
STF-107,Simran Reddy,Facility Manager,Pre Prod Test,+91 70689 87110,09:30 AM - 06:30 PM
STF-108,Riya Tiwari,HVAC Technician,Green Heights,+91 88150 40161,09:00 AM - 06:00 PM
STF-109,Nisha Banerjee,Maintenance Plumber,Skyline Residency,+91 89282 38864,09:00 AM - 06:00 PM
STF-110,Shreya Sharma,Electrician,Palm Grove,+91 70235 19305,08:00 AM - 05:00 PM
STF-111,Sanya Iyer,Property Warden,Urban Nest,+91 93194 92719,10:00 AM - 07:00 PM
STF-112,Tanya Patel,IT Technician,Maple Residency,+91 71929 40007,09:00 AM - 06:00 PM
STF-113,Yash Shah,Housekeeping Supervisor,Bluebell Homes,+91 72208 14117,07:00 AM - 04:00 PM
STF-114,Dev Bansal,Security Supervisor,Cedar Heights,+91 98168 53309,08:00 AM - 05:00 PM
STF-115,Kabir Chopra,Facility Manager,Lakeview Residency,+91 72321 77391,09:30 AM - 06:30 PM
STF-116,Ayush Khanna,HVAC Technician,Sunrise Enclave,+91 77798 46500,09:00 AM - 06:00 PM
STF-117,Varun Reddy,Maintenance Plumber,Royal Orchid,+91 91921 73624,09:00 AM - 06:00 PM
STF-118,Harsh Tiwari,Electrician,Metro Heights,+91 77020 80678,08:00 AM - 05:00 PM
STF-119,Manav Banerjee,Property Warden,Silver Oak,+91 74335 84847,10:00 AM - 07:00 PM
STF-120,Nikhil Sharma,IT Technician,Pearl Residency,+91 88881 71953,09:00 AM - 06:00 PM
STF-121,Sakshi Iyer,Housekeeping Supervisor,Grand Vista,+91 77962 71993,07:00 AM - 04:00 PM
STF-122,Pooja Patel,Security Supervisor,Harmony Homes,+91 96460 63354,08:00 AM - 05:00 PM
STF-123,Aniket Shah,Facility Manager,Elite Stay,+91 76239 22363,09:30 AM - 06:30 PM
STF-124,Dhruv Bansal,HVAC Technician,Central Plaza,+91 73176 96374,09:00 AM - 06:00 PM
STF-125,Manya Chopra,Maintenance Plumber,Lawsons Delmonte,+91 84124 56438,09:00 AM - 06:00 PM
STF-126,Muskan Khanna,Electrician,jsbs,+91 83879 63883,08:00 AM - 05:00 PM
STF-127,Tanvi Reddy,Property Warden,pre prod test,+91 85303 17100,10:00 AM - 07:00 PM
STF-128,Isha Tiwari,IT Technician,Trident,+91 92064 95649,09:00 AM - 06:00 PM
STF-129,Sahil Banerjee,Housekeeping Supervisor,commedia,+91 91174 22899,07:00 AM - 04:00 PM
STF-130,Vansh Sharma,Security Supervisor,add new,+91 71986 62772,08:00 AM - 05:00 PM
STF-131,Pranav Iyer,Facility Manager,Pre Prod Test,+91 93862 54473,09:30 AM - 06:30 PM
STF-132,Ritika Patel,HVAC Technician,Green Heights,+91 96233 24322,09:00 AM - 06:00 PM
STF-133,Akash Shah,Maintenance Plumber,Skyline Residency,+91 78147 35112,09:00 AM - 06:00 PM
STF-134,Mohit Bansal,Electrician,Palm Grove,+91 76232 80292,08:00 AM - 05:00 PM
STF-135,Nandini Chopra,Property Warden,Urban Nest,+91 84700 28373,10:00 AM - 07:00 PM
STF-136,Palak Khanna,IT Technician,Maple Residency,+91 83824 34050,09:00 AM - 06:00 PM
STF-137,Siddharth Reddy,Housekeeping Supervisor,Bluebell Homes,+91 79127 70637,07:00 AM - 04:00 PM
STF-138,Anushka Tiwari,Security Supervisor,Cedar Heights,+91 78185 19880,08:00 AM - 05:00 PM
STF-139,Saurabh Banerjee,Facility Manager,Lakeview Residency,+91 84520 82132,09:30 AM - 06:30 PM
STF-140,Kritika Sharma,HVAC Technician,Sunrise Enclave,+91 73208 16630,09:00 AM - 06:00 PM
