Tenant_ID,Full_Name,Phone_Number,Email,Assigned_Unit,Lease_Start_Date,KYC_Status
1,Aarav Sharma,+91 98765 43210,aarav.s@gmail.com,Flat-101 (Lawsons Delmonte),12-Jan-2025,Aadhaar Verified
2,Ananya Iyer,+91 98123 45678,ananya.i@outlook.com,Flat-203 (Trident Towers),01-Feb-2025,Aadhaar Verified
3,Rohan Verma,+91 99887 76655,rohan.v@yahoo.com,Room-12B (Pre Prod Test),15-Aug-2024,PAN Verified
4,Priya Patel,+91 97654 32109,priya.p@gmail.com,Flat-305 (Lawsons Delmonte),10-Nov-2024,Aadhaar Verified
5,Vikram Malhotra,+91 95432 10987,vikram.m@gmail.com,Suite-4 (Trident Towers),05-Jan-2026,Pending Docs
6,Nandini Patel,+91 91369 80855,nandini.patel6@gmail.com,Flat-040 (jsbs),05-Apr-2024,Aadhaar Verified
7,Diya Arora,+91 75449 63269,diya.arora7@email.com,Room-003 (pre prod test),07-May-2025,Aadhaar Verified
8,Rahul Chatterjee,+91 98332 62565,rahul.chatterjee8@gmail.com,Room-016 (pre prod test),17-Jun-2024,Passport Verified
9,Aditi Shah,+91 70070 61173,aditi.shah9@yahoo.com,Flat-009 (Trident),13-Mar-2026,Passport Verified
10,Yash Nair,+91 79347 65444,yash.nair10@email.com,Flat-022 (Trident),07-Jun-2024,Aadhaar Verified
11,Nikhil Verma,+91 79722 38534,nikhil.verma11@gmail.com,Flat-035 (Trident),16-Aug-2025,Pending Verification
12,Tanvi Bansal,+91 71997 51104,tanvi.bansal12@gmail.com,Flat-048 (Trident),21-Feb-2024,Pending Verification
13,Mohit Mishra,+91 85623 75909,mohit.mishra13@outlook.com,Flat-061 (Trident),28-Feb-2024,Pending Verification
14,Vikram Singh,+91 72625 34356,vikram.singh14@gmail.com,Flat-074 (Trident),01-Sep-2025,Aadhaar Verified
15,Karan Chopra,+91 92125 40828,karan.chopra15@email.com,Flat-007 (commedia),02-May-2024,Pending Verification
16,Kavya Das,+91 78067 85880,kavya.das16@gmail.com,Flat-020 (commedia),26-Sep-2025,Aadhaar Verified
17,Tanya Mehta,+91 83737 96163,tanya.mehta17@yahoo.com,Flat-033 (commedia),24-Sep-2024,Aadhaar Verified
18,Manav Khanna,+91 91945 51180,manav.khanna18@outlook.com,Room-001 (add new),28-Sep-2024,Passport Verified
19,Muskan Goyal,+91 74288 98039,muskan.goyal19@yahoo.com,Room-004 (Pre Prod Test),13-Apr-2025,PAN Verified
20,Akash Malhotra,+91 94637 19508,akash.malhotra20@gmail.com,Room-017 (Pre Prod Test),14-Apr-2025,Pending Verification
21,Kritika Reddy,+91 88448 23104,kritika.reddy21@gmail.com,Room-005 (Green Heights),04-Jul-2025,Aadhaar Verified
22,Rohan Gupta,+91 86576 44760,rohan.gupta22@outlook.com,Room-018 (Green Heights),23-Dec-2024,Aadhaar Verified
23,Neha Agarwal,+91 98811 42018,neha.agarwal23@yahoo.com,Room-006 (Skyline Residency),18-Oct-2024,Aadhaar Verified
24,Sanya Tiwari,+91 84358 81200,sanya.tiwari24@yahoo.com,Room-019 (Skyline Residency),18-Sep-2025,Pending Verification
25,Harsh Kumar,+91 70256 97538,harsh.kumar25@yahoo.com,Flat-012 (Palm Grove),10-Nov-2025,Aadhaar Verified
26,Manya Sethi,+91 98774 27601,manya.sethi26@yahoo.com,Flat-025 (Palm Grove),28-Apr-2024,Aadhaar Verified
27,Ritika Banerjee,+91 94327 82512,ritika.banerjee27@outlook.com,Flat-038 (Palm Grove),05-Oct-2024,PAN Verified
28,Saurabh Jain,+91 89819 37607,saurabh.jain28@yahoo.com,Flat-051 (Palm Grove),27-Jul-2024,PAN Verified
29,Arjun Rao,+91 86561 74032,arjun.rao29@yahoo.com,Flat-064 (Palm Grove),22-Feb-2024,Aadhaar Verified
30,Priya Sharma,+91 90784 65518,priya.sharma30@yahoo.com,Flat-077 (Palm Grove),15-Feb-2024,Aadhaar Verified
31,Shreya Kapoor,+91 80929 27146,shreya.kapoor31@yahoo.com,Flat-010 (Urban Nest),14-Jun-2024,Passport Verified
32,Varun Joshi,+91 88077 66057,varun.joshi32@gmail.com,Flat-023 (Urban Nest),24-Apr-2024,Aadhaar Verified
33,Dhruv Iyer,+91 98937 29536,dhruv.iyer33@gmail.com,Flat-036 (Urban Nest),13-Jan-2025,Pending Verification
34,Pranav Saxena,+91 88105 29410,pranav.saxena34@email.com,Flat-009 (Maple Residency),10-May-2024,Aadhaar Verified
35,Anushka Srivastava,+91 80101 57795,anushka.srivastava35@gmail.com,Flat-022 (Maple Residency),01-Jan-2025,Aadhaar Verified
36,Aditya Patel,+91 92349 42706,aditya.patel36@gmail.com,Room-005 (Bluebell Homes),28-Dec-2024,Pending Verification
37,Meera Arora,+91 98971 63264,meera.arora37@outlook.com,Room-018 (Bluebell Homes),30-Aug-2024,Aadhaar Verified
38,Nisha Chatterjee,+91 96210 33206,nisha.chatterjee38@email.com,Flat-006 (Cedar Heights),26-Jan-2024,Aadhaar Verified
39,Ayush Shah,+91 94135 53540,ayush.shah39@email.com,Flat-019 (Cedar Heights),01-Apr-2026,Aadhaar Verified
40,Aniket Nair,+91 78742 30866,aniket.nair40@gmail.com,Flat-032 (Cedar Heights),26-Jan-2025,Aadhaar Verified
41,Vansh Verma,+91 98134 71694,vansh.verma41@outlook.com,Flat-045 (Cedar Heights),23-Jul-2024,Passport Verified
42,Siddharth Bansal,+91 81457 50001,siddharth.bansal42@outlook.com,Flat-058 (Cedar Heights),16-Aug-2024,Aadhaar Verified
43,Vivaan Mishra,+91 91627 35313,vivaan.mishra43@email.com,Flat-071 (Cedar Heights),02-Dec-2024,PAN Verified
44,Ishita Singh,+91 98323 19099,ishita.singh44@yahoo.com,Flat-004 (Lakeview Residency),25-Dec-2024,Pending Verification
45,Riya Chopra,+91 83096 99065,riya.chopra45@yahoo.com,Flat-017 (Lakeview Residency),29-Jan-2024,Aadhaar Verified
46,Kabir Das,+91 98738 44237,kabir.das46@outlook.com,Flat-030 (Lakeview Residency),17-Aug-2025,PAN Verified
47,Pooja Mehta,+91 71253 24208,pooja.mehta47@email.com,Flat-043 (Lakeview Residency),19-Dec-2024,PAN Verified
48,Sahil Khanna,+91 84299 89457,sahil.khanna48@gmail.com,Flat-011 (Sunrise Enclave),29-Jan-2025,Pending Verification
49,Palak Goyal,+91 76228 43386,palak.goyal49@gmail.com,Flat-024 (Sunrise Enclave),26-Dec-2025,Passport Verified
50,Aarav Malhotra,+91 70055 78146,aarav.malhotra50@outlook.com,Flat-037 (Sunrise Enclave),07-Jan-2025,Passport Verified
51,Ananya Reddy,+91 72292 97062,ananya.reddy51@yahoo.com,Flat-010 (Royal Orchid),30-Sep-2025,PAN Verified
52,Simran Gupta,+91 91737 26334,simran.gupta52@yahoo.com,Flat-023 (Royal Orchid),03-Jun-2025,PAN Verified
53,Dev Agarwal,+91 91852 63528,dev.agarwal53@yahoo.com,Flat-036 (Royal Orchid),16-Feb-2025,PAN Verified
54,Sakshi Tiwari,+91 88166 26683,sakshi.tiwari54@outlook.com,Flat-049 (Royal Orchid),06-Mar-2025,Passport Verified
55,Isha Kumar,+91 92194 32810,isha.kumar55@yahoo.com,Flat-002 (Metro Heights),19-Feb-2025,Pending Verification
56,Nandini Sethi,+91 97319 10053,nandini.sethi56@yahoo.com,Flat-015 (Metro Heights),20-Oct-2024,Aadhaar Verified
57,Diya Banerjee,+91 84086 86019,diya.banerjee57@yahoo.com,Flat-028 (Metro Heights),21-Apr-2025,Passport Verified
58,Rahul Jain,+91 84488 98555,rahul.jain58@outlook.com,Flat-006 (Silver Oak),07-Jun-2025,Passport Verified
59,Aditi Rao,+91 96009 32241,aditi.rao59@gmail.com,Flat-019 (Silver Oak),17-Oct-2024,Pending Verification
60,Yash Sharma,+91 91753 92960,yash.sharma60@yahoo.com,Room-002 (Pearl Residency),05-Apr-2024,Aadhaar Verified
61,Nikhil Kapoor,+91 92046 50687,nikhil.kapoor61@outlook.com,Room-015 (Pearl Residency),05-Apr-2026,Aadhaar Verified
62,Tanvi Joshi,+91 74828 13201,tanvi.joshi62@gmail.com,Room-008 (Grand Vista),07-Sep-2024,Passport Verified
63,Mohit Iyer,+91 90030 19545,mohit.iyer63@email.com,Room-021 (Grand Vista),28-Feb-2025,Pending Verification
64,Vikram Saxena,+91 76371 60328,vikram.saxena64@email.com,Flat-009 (Harmony Homes),13-Feb-2025,Aadhaar Verified
65,Karan Srivastava,+91 74835 95990,karan.srivastava65@gmail.com,Flat-022 (Harmony Homes),07-Feb-2026,Aadhaar Verified
66,Kavya Patel,+91 95507 65724,kavya.patel66@outlook.com,Flat-035 (Harmony Homes),29-Jun-2024,Pending Verification
67,Tanya Arora,+91 85222 16582,tanya.arora67@outlook.com,Flat-048 (Harmony Homes),04-May-2024,Passport Verified
68,Manav Chatterjee,+91 74369 70901,manav.chatterjee68@yahoo.com,Flat-011 (Elite Stay),12-Feb-2026,Passport Verified
69,Muskan Shah,+91 90075 76162,muskan.shah69@email.com,Flat-024 (Elite Stay),30-Apr-2026,Pending Verification
70,Akash Nair,+91 84611 30861,akash.nair70@email.com,Flat-002 (Central Plaza),05-Apr-2025,PAN Verified
71,Kritika Verma,+91 94634 42406,kritika.verma71@yahoo.com,Flat-015 (Central Plaza),23-Feb-2026,Pending Verification
72,Rohan Bansal,+91 85879 92149,rohan.bansal72@outlook.com,Flat-028 (Central Plaza),08-Oct-2024,Passport Verified
73,Neha Mishra,+91 72538 47450,neha.mishra73@outlook.com,Flat-041 (Central Plaza),05-Oct-2024,PAN Verified
74,Sanya Singh,+91 80476 80798,sanya.singh74@gmail.com,Flat-009 (Lawsons Delmonte),21-May-2024,Aadhaar Verified
75,Harsh Chopra,+91 77577 60205,harsh.chopra75@outlook.com,Flat-022 (Lawsons Delmonte),24-Dec-2025,Aadhaar Verified
76,Manya Das,+91 72104 64377,manya.das76@email.com,Flat-035 (Lawsons Delmonte),04-Dec-2024,Pending Verification
77,Ritika Mehta,+91 85267 64496,ritika.mehta77@gmail.com,Flat-009 (jsbs),30-Jul-2024,Passport Verified
78,Saurabh Khanna,+91 82762 86556,saurabh.khanna78@gmail.com,Flat-022 (jsbs),22-Feb-2026,Pending Verification
79,Arjun Goyal,+91 82464 72518,arjun.goyal79@gmail.com,Flat-035 (jsbs),26-Dec-2024,PAN Verified
80,Priya Malhotra,+91 94689 61116,priya.malhotra80@email.com,Flat-048 (jsbs),05-Jul-2025,Pending Verification
81,Shreya Reddy,+91 96210 89069,shreya.reddy81@outlook.com,Room-011 (pre prod test),14-May-2025,Aadhaar Verified
82,Varun Gupta,+91 78943 67125,varun.gupta82@email.com,Flat-004 (Trident),30-Jan-2024,Passport Verified
83,Dhruv Agarwal,+91 81014 97670,dhruv.agarwal83@email.com,Flat-017 (Trident),11-Jan-2026,Aadhaar Verified
84,Pranav Tiwari,+91 97541 71261,pranav.tiwari84@outlook.com,Flat-030 (Trident),29-Sep-2025,Pending Verification
85,Anushka Kumar,+91 70883 61645,anushka.kumar85@gmail.com,Flat-043 (Trident),26-Mar-2024,Passport Verified
86,Aditya Sethi,+91 74446 70515,aditya.sethi86@outlook.com,Flat-056 (Trident),21-Feb-2024,PAN Verified
87,Meera Banerjee,+91 82422 52906,meera.banerjee87@outlook.com,Flat-069 (Trident),10-Apr-2025,PAN Verified
88,Nisha Jain,+91 81059 59692,nisha.jain88@yahoo.com,Flat-002 (commedia),09-Feb-2026,Passport Verified
89,Ayush Rao,+91 78266 20735,ayush.rao89@email.com,Flat-015 (commedia),20-Jan-2024,Pending Verification
90,Aniket Sharma,+91 71706 55870,aniket.sharma90@outlook.com,Flat-028 (commedia),27-Oct-2025,Aadhaar Verified
91,Vansh Kapoor,+91 95599 95426,vansh.kapoor91@gmail.com,Flat-041 (commedia),11-Feb-2026,Aadhaar Verified
92,Siddharth Joshi,+91 78102 36130,siddharth.joshi92@gmail.com,Room-009 (add new),28-Sep-2025,Aadhaar Verified
93,Vivaan Iyer,+91 77816 26544,vivaan.iyer93@email.com,Room-012 (Pre Prod Test),16-Nov-2025,Aadhaar Verified
94,Ishita Saxena,+91 88480 38569,ishita.saxena94@email.com,Room-025 (Pre Prod Test),17-Dec-2025,PAN Verified
95,Riya Srivastava,+91 95129 58351,riya.srivastava95@outlook.com,Room-013 (Green Heights),12-Sep-2025,Pending Verification
96,Kabir Patel,+91 94508 25012,kabir.patel96@outlook.com,Room-001 (Skyline Residency),14-Nov-2024,Aadhaar Verified
97,Pooja Arora,+91 88962 13365,pooja.arora97@yahoo.com,Room-014 (Skyline Residency),12-Aug-2025,Passport Verified
98,Sahil Chatterjee,+91 82997 35995,sahil.chatterjee98@gmail.com,Flat-007 (Palm Grove),29-Aug-2025,Aadhaar Verified
99,Palak Shah,+91 73339 49529,palak.shah99@gmail.com,Flat-020 (Palm Grove),26-Mar-2026,Pending Verification
100,Aarav Nair,+91 95645 15383,aarav.nair100@yahoo.com,Flat-033 (Palm Grove),29-Jun-2025,Passport Verified
101,Ananya Verma,+91 91676 58571,ananya.verma101@gmail.com,Flat-046 (Palm Grove),02-Jun-2025,PAN Verified
102,Simran Bansal,+91 70414 65057,simran.bansal102@email.com,Flat-059 (Palm Grove),18-Apr-2024,Passport Verified
103,Dev Mishra,+91 81868 93307,dev.mishra103@email.com,Flat-072 (Palm Grove),25-Dec-2025,Aadhaar Verified
104,Sakshi Singh,+91 84270 33086,sakshi.singh104@yahoo.com,Flat-005 (Urban Nest),22-Sep-2025,Pending Verification
105,Isha Chopra,+91 95383 73372,isha.chopra105@email.com,Flat-018 (Urban Nest),22-Mar-2025,Pending Verification
106,Nandini Das,+91 78794 52245,nandini.das106@outlook.com,Flat-031 (Urban Nest),30-Apr-2026,Aadhaar Verified
107,Diya Mehta,+91 79139 69087,diya.mehta107@outlook.com,Flat-004 (Maple Residency),07-Feb-2026,Passport Verified
108,Rahul Khanna,+91 88672 89997,rahul.khanna108@email.com,Flat-017 (Maple Residency),10-Dec-2024,Aadhaar Verified
109,Aditi Goyal,+91 86197 52600,aditi.goyal109@outlook.com,Flat-030 (Maple Residency),14-May-2025,Aadhaar Verified
110,Yash Malhotra,+91 81626 43862,yash.malhotra110@yahoo.com,Room-013 (Bluebell Homes),13-Oct-2024,Pending Verification
111,Nikhil Reddy,+91 92976 46211,nikhil.reddy111@gmail.com,Flat-001 (Cedar Heights),13-Jun-2025,Aadhaar Verified
112,Tanvi Gupta,+91 72805 41635,tanvi.gupta112@email.com,Flat-014 (Cedar Heights),15-May-2025,Pending Verification
113,Mohit Agarwal,+91 94843 41499,mohit.agarwal113@email.com,Flat-027 (Cedar Heights),23-Oct-2025,Passport Verified
114,Vikram Tiwari,+91 84685 12260,vikram.tiwari114@gmail.com,Flat-040 (Cedar Heights),28-Oct-2024,Aadhaar Verified
115,Karan Kumar,+91 83251 41890,karan.kumar115@yahoo.com,Flat-053 (Cedar Heights),10-Nov-2025,Pending Verification
116,Kavya Sethi,+91 82092 72031,kavya.sethi116@yahoo.com,Flat-066 (Cedar Heights),11-Mar-2025,Pending Verification
117,Tanya Banerjee,+91 80839 56112,tanya.banerjee117@email.com,Flat-079 (Cedar Heights),04-Oct-2024,PAN Verified
118,Manav Jain,+91 78237 40217,manav.jain118@gmail.com,Flat-012 (Lakeview Residency),08-Jan-2026,Aadhaar Verified
119,Muskan Rao,+91 80339 25670,muskan.rao119@outlook.com,Flat-025 (Lakeview Residency),15-Jul-2024,Aadhaar Verified
120,Akash Sharma,+91 94202 73464,akash.sharma120@yahoo.com,Flat-038 (Lakeview Residency),11-Jan-2026,Pending Verification
